accuracy,f1_score,training_time
0.9521547336274178,0.9520676027761258,4.269322633743286
