accuracy,f1_score,training_time
0.9382422802850356,0.9380000669618073,3.7367937564849854
