accuracy,f1_score,training_time
0.9280624363759755,0.9279570405137145,7.18402099609375
