accuracy,f1_score,training_time
0.9477434679334917,0.9478719678565217,5.075615882873535
